{"mean": [6.931731657734245, 3.01267787839586, 13.852042136388837, 15.85209757900573, 28.760672703751617, 0.28918868970615413, -0.22728500000924418, -0.2707960669289305, 0.0012090368026169617, -0.00238566161776338, -0.15742851868307367, -0.08824979871373367, 3.19451118092774, 3.2023101090371466, 3.2344668268342267, 3.1952350150927122, 3.1978608390316023, 2.4035667469396893, 9.83731288116799, 1.0406948807983736, 0.0, 0.0013675845499907596, 0.1506006283496581, 0.26551469229347624], "scale": [3.125437147006865, 1.993397450204547, 5.29947963214674, 8.770257419732207, 13.579466049825598, 0.4533856983322166, 0.6952698975486363, 0.625788133851489, 0.7124035765846625, 0.7017649114326223, 0.7018957078766828, 0.6890360293892686, 3.147409544102254, 3.157693421495768, 3.1872514470163966, 2.1396655184580844, 1.5374891555739132, 1.4559769137021537, 5.655937565173167, 0.20055319319870948, 1.0, 0.03695557146749847, 0.35765916609300846, 0.4416068845362093]}