{"mean": [7.420986677219364, 3.0017148133491625, 13.472233214615486, 15.86406806489909, 30.88820736050653, 0.2832739744097085, -0.19731281683074936, -0.2895687602893112, 0.004806772739931994, -0.01503371636423995, -0.28253025745277277, -0.20538996203262128, 1.4168315525656245, 1.4209866772193642, 1.4270544783010157, 1.416963461284791, 1.4184804115552039, 0.6948971883965569, 3.5307347315657567, 1.026975333069516, 0.0, 0.0012531328320802004, 0.14252737105922703, 0.2777997625643055], "scale": [2.636834877094391, 1.9757124985648644, 5.264077677670998, 8.760479409880958, 11.500616546264224, 0.45058831524112597, 0.7186117635459551, 0.6006785485367352, 0.7122111375665703, 0.7017878438917549, 0.6638685386684828, 0.6612640777224191, 0.8299413060056765, 0.8332017587452655, 0.8363612942679692, 0.45437461867547535, 0.33603872447310823, 0.34612101172401705, 1.540941455150963, 0.16201130971418196, 1.0, 0.03537742910649901, 0.3495902166225085, 0.4479141150751123]}