{"mean": [7.053438471453484, 3.002668890742285, 13.772492228372128, 15.817514595496247, 29.286435666085374, 0.2865873076048222, -0.23006776106264665, -0.32667953164034885, 0.004830030050592425, -0.006515538518041211, -0.19293115660147211, -0.12522625548807498, 1.915702479338843, 1.9177193115475017, 1.9387216619910532, 1.9158793944448658, 1.916630019966133, 1.2195685870067408, 5.428614754719843, 1.0347410721055426, 0.0, 0.0015619076503146563, 0.1542952460383653, 0.2882402001668057], "scale": [2.9907879967338373, 1.9866776328613325, 4.975118469901592, 8.784666687012873, 12.995203461813343, 0.45216702967447897, 0.7044801612504983, 0.5865637316876446, 0.7120118213026604, 0.7021206341454428, 0.696517846759887, 0.6796755423684335, 1.4919115716860043, 1.4935529812374886, 1.5214560899017813, 0.8547080003292544, 0.6425811926381343, 0.637881259578032, 2.707989106981577, 0.18312326453648647, 1.0, 0.03949010122557988, 0.36123153667464536, 0.4529434701754795]}